{"minzoom":0,"maxzoom":9,"center":[20.039063,44.339026,9.0],"bounds":[18.815059,41.852799,23.005835,46.190049]}