{"minzoom":0,"maxzoom":8,"center":[20.390625,44.58831,8.0],"bounds":[18.815059,41.852799,23.005835,46.190049]}